<?xml version="1.0" encoding="UTF-8"?>
<CustomApplication xmlns="http://soap.sforce.com/2006/04/metadata">
    <brand>
        <headerColor>#AB1714</headerColor>
        <shouldOverrideOrgTheme>false</shouldOverrideOrgTheme>
    </brand>
    <description>This is one bad netword LWC</description>
    <formFactors>Small</formFactors>
    <formFactors>Large</formFactors>
    <isNavAutoTempTabsDisabled>false</isNavAutoTempTabsDisabled>
    <isNavPersonalizationDisabled>true</isNavPersonalizationDisabled>
    <label>Bad Network</label>
    <navType>Standard</navType>
    <tabs>Example_1_Increase_Number</tabs>
    <tabs>Example_2_Count_Clicks</tabs>
    <uiType>Lightning</uiType>
</CustomApplication>