<?xml version="1.0" encoding="UTF-8"?>
<CustomApplication xmlns="http://soap.sforce.com/2006/04/metadata">
    <brand>
        <headerColor>#AB1714</headerColor>
        <shouldOverrideOrgTheme>false</shouldOverrideOrgTheme>
    </brand>
    <description>This is one bad bunch of LWCs</description>
    <formFactors>Small</formFactors>
    <formFactors>Large</formFactors>
    <isNavAutoTempTabsDisabled>false</isNavAutoTempTabsDisabled>
    <isNavPersonalizationDisabled>true</isNavPersonalizationDisabled>
    <label>Bad Bunch</label>
    <navType>Standard</navType>
    <tabs>Example_1_Loop</tabs>
    <tabs>Example_2_Scroll_List</tabs>
    <tabs>Example_3_Input_Fields</tabs>
    <tabs>Example_4_Table</tabs>
    <uiType>Lightning</uiType>
</CustomApplication>