<?xml version="1.0" encoding="UTF-8"?>
<PermissionSet xmlns="http://soap.sforce.com/2006/04/metadata">
    <description>Allow full access to the Bad Bunch app.</description>
    <hasActivationRequired>false</hasActivationRequired>
    <label>Bad Bunch Full Access</label>
    <applicationVisibilities>
        <application>Bad_Bunch</application>
        <visible>true</visible>
    </applicationVisibilities>
    <tabSettings>
        <tab>Example_1_Loop</tab>
        <visibility>Visible</visibility>
    </tabSettings>
    <tabSettings>
        <tab>Example_2_Scroll_List</tab>
        <visibility>Visible</visibility>
    </tabSettings>
    <tabSettings>
        <tab>Example_3_Input_Fields</tab>
        <visibility>Visible</visibility>
    </tabSettings>
    <tabSettings>
        <tab>Example_4_Table</tab>
        <visibility>Visible</visibility>
    </tabSettings>
</PermissionSet>